Feedback ID,Survey ID,Created At,Is Read,
67c9bd8fd3d698a60da4dce1,9d1f9c67-4213-4f3b-bc74-a75f4047d3e5,2025-03-06T15:21:51.363Z,false,
67c9da85faf1f6144aed9a99,9d1f9c67-4213-4f3b-bc74-a75f4047d3e5,2025-03-06T17:25:25.888Z,false,
67c9dce9faf1f6144aed9ac9,9d1f9c67-4213-4f3b-bc74-a75f4047d3e5,2025-03-06T17:35:37.608Z,false,
67c9e05bfaf1f6144aed9aff,9d1f9c67-4213-4f3b-bc74-a75f4047d3e5,2025-03-06T17:50:19.132Z,false,
67c9e15bfaf1f6144aed9b1b,9d1f9c67-4213-4f3b-bc74-a75f4047d3e5,2025-03-06T17:54:35.352Z,false,
67c9e8011d584befe2ab64c7,d4ea1d5e-e28e-4bac-a2de-b61e73e22e21,2025-03-06T18:22:57.918Z,false,
67c9ef111d584befe2ab64d5,d4ea1d5e-e28e-4bac-a2de-b61e73e22e21,2025-03-06T18:53:05.655Z,false,
67c9f2b548c22959536130bc,d4ea1d5e-e28e-4bac-a2de-b61e73e22e21,2025-03-06T19:08:37.996Z,false,
67c9f83048c22959536130f2,d4ea1d5e-e28e-4bac-a2de-b61e73e22e21,2025-03-06T19:32:00.422Z,false,
67c9f91e48c2295953613100,d4ea1d5e-e28e-4bac-a2de-b61e73e22e21,2025-03-06T19:35:58.634Z,false,
67caa43f61e446a6c55a75e7,d4ea1d5e-e28e-4bac-a2de-b61e73e22e21,2025-03-07T07:46:07.539Z,false,
67caa4ac61e446a6c55a75fb,d4ea1d5e-e28e-4bac-a2de-b61e73e22e21,2025-03-07T07:47:56.384Z,false,
67cafbc8c5e86f79ae47a829,d4ea1d5e-e28e-4bac-a2de-b61e73e22e21,2025-03-07T13:59:36.135Z,false,
67cafbf5c5e86f79ae47a831,d4ea1d5e-e28e-4bac-a2de-b61e73e22e21,2025-03-07T14:00:21.231Z,false,
67cb0390a4882bbf46713ce7,d4ea1d5e-e28e-4bac-a2de-b61e73e22e21,2025-03-07T14:32:48.961Z,false,
